"","country","iso_code","imageURL","2020-12-27","2020-12-28","2020-12-29","2020-12-30","2020-12-31","2021-01-01","2021-01-02","2021-01-03","2021-01-04","2021-01-05","2021-01-06","2021-01-07","2021-01-08","2021-01-09","2021-01-10","2021-01-11","2021-01-12","2021-01-13","2021-01-14","2021-01-15","2021-01-16","2021-01-17","2021-01-18","2021-01-19","2021-01-20","2021-01-21","2021-01-22","2021-01-23","2021-01-24","2021-01-25","2021-01-26","2021-01-27","2021-01-28","2021-01-29","2021-01-30","2021-01-31","2021-02-01","2021-02-02","2021-02-03","2021-02-04","2021-02-05","2021-02-06","2021-02-07","2021-02-08","2021-02-09","2021-02-10","2021-02-11","2021-02-12","2021-02-13","2021-02-14","2021-02-15","2021-02-16","2021-02-17","2021-02-18","2021-02-19","2021-02-20","2021-02-21","2021-02-22","2021-02-23","2021-02-24","2021-02-25","2021-02-26","2021-02-27","2021-02-28","2021-03-01","2021-03-02","2021-03-03","2021-03-04","2021-03-05","2021-03-06","2021-03-07","2021-03-08","2021-03-09","2021-03-10","2021-03-11","2021-03-12","2021-03-13","2021-03-14","2021-03-15","2021-03-16","2021-03-17","2021-03-18","2021-03-19","2021-03-20","2021-03-21","2021-03-22","2021-03-23","2021-03-24","2021-03-25","2021-03-26","2021-03-27","2021-03-28","2021-03-29","2021-03-30","2021-03-31","2021-04-01","2021-04-02","2021-04-03","2021-04-04","2021-04-05","2021-04-06","2021-04-07","2021-04-08","2021-04-09","2021-04-10","2021-04-11","2021-04-12","2021-04-13","2021-04-14","2021-04-15","2021-04-16","2021-04-17","2021-04-18","2021-04-19","2021-04-20","2021-04-21","2021-04-22","2021-04-23","2021-04-24","2021-04-25","2021-04-26","2021-04-27","2021-04-28","2021-04-29","2021-04-30","2021-05-01","2021-05-02","2021-05-03","2021-05-04","2021-05-05","2021-05-06","2021-05-07","2021-05-08","2021-05-09","2021-05-10","2021-05-11","2021-05-12","2021-05-13","2021-05-14","2021-05-15","2021-05-16","2021-05-17","2021-05-18","2021-05-19","2021-05-20","2021-05-21","2021-05-22","2021-05-23","2021-05-24","2021-05-25","2021-05-26","2021-05-27","2021-05-28","2021-05-29","2021-05-30","2021-05-31","2021-06-01","2021-06-02","2021-06-03","2021-06-04","2021-06-05","2021-06-06","2021-06-07","2021-06-08","2021-06-09","2021-06-10","2021-06-11","2021-06-12","2021-06-13","2021-06-14","2021-06-15","2021-06-16","2021-06-17","2021-06-18","2021-06-19","2021-06-20","2021-06-21","2021-06-22","2021-06-23","2021-06-24","2021-06-25","2021-06-26","2021-06-27","2021-06-28","2021-06-29","2021-06-30","2021-07-01","2021-07-02","2021-07-03","2021-07-04","2021-07-05","2021-07-06","2021-07-07","2021-07-08","2021-07-09","2021-07-10","2021-07-11","2021-07-12","2021-07-13","2021-07-14","2021-07-15","2021-07-16","2021-07-17","2021-07-18","2021-07-19","2021-07-20","2021-07-21","2021-07-22","2021-07-23","2021-07-24","2021-07-25","2021-07-26","2021-07-27","2021-07-28","2021-07-29","2021-07-30","2021-07-31","2021-08-01","2021-08-02","2021-08-03","2021-08-04","2021-08-05","2021-08-06","2021-08-07","2021-08-08","2021-08-09","2021-08-10","2021-08-11","2021-08-12","2021-08-13","2021-08-14","2021-08-15","2021-08-16","2021-08-17","2021-08-18","2021-08-19","2021-08-20","2021-08-21","2021-08-22","2021-08-23","2021-08-24","2021-08-25","2021-08-26","2021-08-27","2021-08-28","2021-08-29","2021-08-30","2021-08-31","2021-09-01","2021-09-02","2021-09-03","2021-09-04","2021-09-05","2021-09-06","2021-09-07","2021-09-08","2021-09-09","2021-09-10","2021-09-11","2021-09-12","2021-09-13","2021-09-14","2021-09-15","2021-09-16","2021-09-17","2021-09-18","2021-09-19","2021-09-20","2021-09-21","2021-09-22","2021-09-23","2021-09-24","2021-09-25","2021-09-26","2021-09-27","2021-09-28","2021-09-29","2021-09-30","2021-10-01","2021-10-02","2021-10-03","2021-10-04","2021-10-05","2021-10-06","2021-10-07","2021-10-08","2021-10-09","2021-10-10","2021-10-11","2021-10-12","2021-10-13","2021-10-14","2021-10-15","2021-10-16","2021-10-17","2021-10-18","2021-10-19","2021-10-20","2021-10-21","2021-10-22","2021-10-23","2021-10-24","2021-10-25","2021-10-26","2021-10-27","2021-10-28","2021-10-29","2021-10-30","2021-10-31","2021-11-01","2021-11-02","2021-11-03","2021-11-04","2021-11-05","2021-11-06","2021-11-07","2021-11-08","2021-11-09","2021-11-10","2021-11-11","2021-11-12","2021-11-13","2021-11-14","2021-11-15","2021-11-16","2021-11-17","2021-11-18","2021-11-19","2021-11-20","2021-11-21","2021-11-22","2021-11-23","2021-11-24","2021-11-25","2021-11-26","2021-11-27","2021-11-28","2021-11-29","2021-11-30","2021-12-01","2021-12-02","2021-12-03","2021-12-04","2021-12-05","2021-12-06"
"1","Austria","AUT","https://public.flourish.studio/country-flags/svg/at.svg",763,2096,3770,5165,5183,5192,5211,5222,5355,7170,8036,11329,24591,29130,31378,37088,52176,68356,85393,104010,110919,116654,128166,154475,178232,198255,209903,213078,214359,215898,224687,232813,242861,258091,261848,263283,268060,285836,304307,325328,346843,356088,361147,371036,390870,413134,438237,465350,475888,477973,485176,500048,519944,540054,561690,574812,580869,587919,603042,623102,643349,673023,698282,708511,717560,743441,771821,799679,837284,865571,877606,889410,918142,947390,992546,1051688,1104417,1135726,1157048,1185935,1220870,1256092,1310632,1358407,1374075,1390331,1426764,1467053,1513804,1565544,1607411,1622180,1649186,1691070,1726767,1769291,1813840,1835861,1846038,1858757,1897401,1953839,2027542,2106990,2172982,2199194,2234717,2280413,2348892,2424111,2495251,2553754,2573169,2605319,2651286,2715264,2786923,2855932,2896596,2924730,2956021,3004730,3063791,3140770,3222391,3264735,3281579,3311379,3373381,3452261,3550719,3660838,3713860,3732925,3776836,3843721,3945418,3979986,4071186,4131994,4156433,4204348,4275069,4381929,4494143,4606996,4666800,4696578,4721891,4777669,4871492,4971864,5083256,5146345,5184843,5229419,5321237,5465698,5534992,5645294,5708883,5762698,5820962,5913352,6031549,6153923,6285941,6355960,6393919,6443378,6530659,6651712,6767735,6881384,6948700,6985972,7038934,7131466,7244261,7354489,7477574,7555247,7596877,7648353,7741278,7856419,7974729,8089720,8160836,8215576,8262050,8344826,8439921,8537650,8628081,8679759,8710816,8747381,8822573,8904542,8969238,9051032,9102455,9130847,9162754,9210439,9278127,9347888,9419525,9470753,9499238,9529981,9584114,9640641,9685577,9741576,9777338,9804578,9832718,9879472,9925841,9966275,10012673,10042413,10067558,10082772,10122714,10162335,10193062,10219352,10237649,10246805,10270058,10295062,10320639,10345846,10371721,10388352,10396075,10404843,10424305,10439542,10460939,10479776,10488975,10492388,10501588,10519065,10533379,10548994,10565206,10579347,10581549,10588813,10604475,10619304,10635614,10654825,10668538,10671637,10680654,10700343,10717471,10736527,10760989,10773747,10777487,10787730,10808788,10830470,10849025,10873553,10885092,10887652,10898466,10917262,10938788,10960152,10984514,10996515,10998756,11011924,11035642,11063729,11087984,11120564,11134075,11136317,11150218,11172270,11199495,11225629,11254702,11266024,11267964,11284392,11308323,11338449,11367990,11402709,11418751,11421858,11437776,11445481,11477315,11506316,11542128,11560177,11564169,11567774,11599503,11645012,11694472,11760373,11801049,11821566,11869354,11939218,12013799,12100568,12203963,12269324,12310739,12381366,12473683,12581905,12702117,12844094,12932877,12989589,13077789,13190613,13321484,13453100,13610945,13712176,13765537,13853697,13962008,14082151,14198661,14340515,14426584,14457526,NA
"2","Belgium","BEL","https://public.flourish.studio/country-flags/svg/be.svg",NA,337,373,891,930,943,963,986,1038,2811,6816,15308,24729,28010,28443,34170,50240,72158,95695,119380,124623,127909,139183,158652,180371,210756,240973,249493,251430,262893,275860,292700,316727,338514,343079,344069,352056,376844,407976,442550,473794,480383,483823,494134,522305,548172,584989,620186,628983,631005,644912,660015,680255,708373,739846,745938,748181,761073,781429,804867,837065,869475,873973,874872,888675,912647,943174,993447,1038830,1047263,1048836,1066391,1095622,1132038,1186678,1232128,1242162,1243717,1274726,1321820,1369851,1445580,1513836,1536448,1537506,1570638,1618987,1681134,1760817,1831395,1854120,1856632,1880631,1913139,1998435,2100726,2183894,2204965,2205233,2220100,2267322,2315561,2443302,2579080,2648091,2652187,2701282,2774150,2875293,2987466,3081857,3140197,3146379,3207829,3258473,3350861,3447775,3520242,3566811,3573261,3636975,3690381,3785469,3892286,3975031,4022612,4026405,4105623,4189315,4344741,4507181,4663304,4754071,4762200,4846141,4915394,5009145,5128513,5274448,5362764,5369008,5478289,5612070,5754078,5901579,6030497,6119897,6129672,6192020,6292451,6415674,6556156,6669037,6760424,6772097,6892889,6996623,7165438,7353008,7506633,7645972,7677362,7848395,7997757,8194975,8390537,8586854,8730386,8754521,8908899,9060416,9244565,9434092,9627501,9753781,9786183,9905170,10014015,10198546,10380608,10545858,10661341,10696283,10817013,10938856,11064340,11201492,11316047,11405200,11419629,11540292,11656177,11815679,11981161,12129194,12258176,12289388,12435822,12553486,12701308,12837177,12975391,13077649,13092603,13221709,13343969,13444661,13629927,13793418,13891351,13905421,14023818,14134803,14293211,14441153,14583899,14669993,14682276,14788844,14882257,14999875,15115645,15227754,15287111,15293729,15364235,15444415,15521575,15597915,15659238,15686821,15688754,15728456,15774525,15826368,15875437,15918257,15942950,15946026,15986927,16026715,16070247,16119125,16158681,16193413,16194780,16227159,16266506,16287897,16305052,16329974,16360267,16361666,16367998,16377881,16404456,16415681,16434089,16456702,16458075,16466653,16471692,16489326,16503587,16525674,16553476,16553927,16562558,16578666,16609211,16629304,16655735,16696082,16697324,16711834,16734920,16778947,16808161,16837617,16867031,16868147,16882217,16901762,16943309,16989570,17029259,17057590,17058732,17078801,17114030,17157787,17197717,17231286,17252912,17254077,17265841,17288833,17321295,17356472,17387157,17405533,17406003,17422227,17452283,17489065,17526763,17557389,17574428,17574631,17575657,17594799,17626009,17656357,17684641,17703620,17705562,17725861,17757466,17804195,17810710,17842225,17863576,17864074,17894456,17946529,18022448,18090673,18152067,18183439,18184479,18233247,18319988,18424610,18544657,18642080,18681979,18685147,18763284,18865864,18981608,19094145,19187858,19223954,19226776,NA
"3","Bulgaria","BGR","https://public.flourish.studio/country-flags/svg/bg.svg",NA,NA,1719,4608,NA,4739,NA,NA,NA,5448,7913,11117,13355,13473,NA,14161,15780,17038,17686,18126,18332,18453,19638,22226,24127,25251,26101,26119,26143,26798,29122,32917,37636,40805,41020,41125,42634,45917,50124,54025,56860,57016,57038,58888,62428,66163,71123,74694,75320,75388,77436,81338,85920,90514,104268,108356,119354,131063,148226,168462,188512,204439,209760,212445,223539,243772,248169,268544,284464,287118,288631,294132,302151,309145,324446,336660,337904,338879,341707,345994,350702,356052,362721,366547,368905,376370,388805,401309,415601,430228,434158,436541,445547,458731,472443,486002,498085,502078,503570,510049,519635,533453,552516,567396,571062,572662,579992,590495,605377,620375,634129,637216,638443,645486,657333,676501,698517,716940,721170,723240,734150,750899,776254,803176,815463,821218,824623,833510,844643,877124,884254,922371,932419,938064,963539,999287,1035763,1073523,1106760,1113351,1116741,1134977,1161048,1191397,1225601,1250667,1257015,1260683,1265855,1282717,1303575,1321786,1341130,1348204,1353249,1365923,1383971,1405952,1429105,1450850,1456841,1464251,1478774,1500534,1524541,1548304,1568793,1573761,1577024,1586678,1602136,1619744,1637956,1653186,1657042,1660175,1668677,1681399,1695298,1709510,1721790,1724896,1727616,1735675,1748265,1761277,1773581,1785306,1788904,1791061,1798875,1810576,1823403,1835681,1847225,1850490,1852583,1860993,NA,NA,NA,NA,NA,NA,NA,NA,NA,NA,NA,NA,NA,NA,1988805,2001777,2013988,2024943,2028136,2030301,2038611,2050991,2063643,2076157,2088021,2091299,2093630,2102614,2114510,2126824,2138659,2149134,2152638,2154824,2163959,2176168,2188957,2201084,2212854,2216558,2218947,2228826,2242559,2256350,2269759,2282245,2286175,2288715,2299118,2312605,2324643,2336831,2349025,2352395,2354543,2356197,2367564,2380022,2391930,2402957,2406030,2407986,2416030,2427013,2437295,2448482,2458928,2461969,2463666,2471212,2481276,2483134,2494575,2504582,2507048,2508560,2513769,2521738,2530744,2539650,2546712,2548995,2549465,2555664,2563069,2570248,2577957,2585160,2587495,2588714,2593879,2601548,2607096,2615154,2623783,2626708,2628498,2634699,2643788,2657271,2685512,2709549,NA,2718716,2743549,2775555,2800965,2824345,2847489,2855224,2860195,2874721,2893502,2913044,2933806,2954059,2960810,2965571,2978843,2995814,3013177,3035555,3057437,3065144,NA,3086814,3108947,3130450,3152490,3174224,3181487,3186030,3201874,3221605,3241333,3262433,3283897,3290556,3295198,3311004,3330515,3350019,3370825,3390634,3396700,3400750,3412632
"4","Croatia","HRV","https://public.flourish.studio/country-flags/svg/hr.svg",NA,NA,NA,7864,NA,NA,NA,12285,NA,13798,NA,20603,24985,30000,NA,NA,NA,34553,38000,41532,45906,NA,NA,54304,NA,NA,64951,NA,NA,69984,NA,NA,NA,80000,NA,NA,83928,NA,87929,95505,NA,NA,NA,NA,102207,NA,112774,NA,NA,NA,120603,NA,NA,142222,NA,NA,NA,166146,NA,184076,194267,NA,NA,NA,213068,NA,NA,242000,NA,NA,NA,265223,NA,NA,NA,300956,NA,NA,NA,NA,NA,NA,365082,NA,NA,390657,NA,NA,NA,416745,NA,430396,NA,NA,476499,498417,517112,NA,524371,NA,526414,533409,543436,565785,583931,588183,595369,605423,617516,643834,671839,691265,693530,698032,708960,726315,746878,770221,785869,795597,798717,812984,825839,872726,901120,907575,908839,921527,944398,979181,1025701,1078760,1117709,1131607,1154319,1186581,NA,1268281,1310456,1346991,1349447,1369969,1406279,1450169,NA,1549368,1581292,1582821,1605287,1608291,1645332,1686585,1722430,1748726,1751087,1773289,1803557,1847314,1855003,1885772,1902092,1903673,1920656,1947784,NA,2042889,2087157,NA,2139816,2164874,2196552,2219196,NA,2318428,NA,2359472,2379658,2389633,2424695,NA,2502912,2524626,2529612,2545040,2573481,NA,NA,2633195,2664327,2669307,2687515,2714126,2741251,NA,2792456,2814234,2817143,2833080,2848709,2870866,NA,2906350,2915530,2917001,2930768,2948798,2965335,2980716,2997335,NA,3008752,3018451,3031563,3042701,NA,3068657,3078364,3080719,3091467,3099209,3109586,3110259,3118842,3123548,3125230,3131892,3140874,3148900,3157783,3166258,NA,3170096,3176538,3182592,3191520,3200638,3208101,3212084,3212783,3219595,3227814,NA,3244822,3253119,3257094,3258375,3264851,NA,3278961,3286459,3293563,3296797,3297256,3302352,NA,3314168,3321265,3326927,3330644,3331246,3335991,3341864,3348958,3356659,3364565,3368323,3369026,3374095,3380570,3388015,3397030,3404014,3407385,3408049,3413174,3419381,3428029,3436799,NA,3447108,NA,3453133,3460702,3467940,3475957,NA,3486177,3486793,3491225,3496972,3503116,3510623,3516613,3520008,3520417,3524319,3530290,3537299,3545766,3554203,3557853,3558842,3566066,3575459,NA,3599586,3610412,NA,3616491,3617177,3627387,3641758,3658686,3675807,3690148,NA,NA,3732705,3759981,NA,3817390,3845713,3852323,NA,3899376,3931774,3938422,3963116,3982079,3985860,4000957,4022873,4047302,4073744,4094675,4111402,4115040,4131685,4154022,4178836,4201709,NA,4245741,4249704,NA
"5","Cyprus","CYP","https://public.flourish.studio/country-flags/svg/cy.svg",NA,NA,NA,NA,NA,NA,NA,NA,NA,NA,3901,NA,NA,NA,6035,NA,NA,NA,NA,NA,10226,NA,NA,NA,NA,NA,NA,17739,NA,NA,NA,NA,NA,NA,25519,NA,NA,NA,NA,NA,NA,32837,NA,NA,NA,NA,NA,NA,44429,NA,NA,NA,NA,NA,NA,56791,NA,NA,64562,NA,NA,76176,NA,NA,NA,NA,NA,NA,NA,NA,99275,NA,NA,NA,NA,NA,NA,NA,NA,NA,NA,NA,NA,129438,NA,NA,NA,NA,NA,NA,NA,NA,NA,NA,NA,NA,NA,161526,NA,NA,NA,174626,NA,183225,NA,NA,NA,NA,NA,NA,202441,NA,NA,214675,219654,224352,NA,236265,NA,NA,NA,NA,NA,NA,NA,287816,NA,NA,NA,NA,332423,NA,NA,NA,371430,384639,400004,NA,424489,NA,434550,448734,461901,476020,NA,504008,NA,522144,533282,NA,560664,572426,NA,NA,595906,NA,615264,622305,632437,NA,NA,649005,654896,662063,673101,681219,689776,701370,NA,NA,718775,728458,739365,NA,753106,NA,NA,NA,768273,777935,NA,NA,NA,NA,NA,809234,NA,829778,835997,NA,849209,856951,867092,876257,883863,887110,NA,897325,903842,910376,916819,NA,925470,NA,934112,941398,946070,950981,NA,958796,959464,NA,970077,974906,980404,NA,NA,NA,994390,1001047,1007555,1014151,NA,1021406,NA,1027680,1032223,1036664,1040915,1047310,NA,NA,1051470,1056083,1060680,NA,1068962,1069123,NA,NA,NA,NA,1085014,NA,NA,NA,1094400,NA,1098334,1101034,1105484,NA,NA,1110044,NA,1115513,1117393,NA,1121722,NA,1124786,1126551,1127991,1129665,NA,NA,NA,NA,1141805,1144151,1146345,NA,NA,NA,1155490,NA,1161031,NA,NA,1165198,NA,NA,1171214,NA,1176888,NA,NA,1182072,1186491,1188888,NA,1193859,NA,NA,NA,NA,1201394,1203326,NA,NA,NA,NA,1209400,NA,1212476,NA,NA,1215697,NA,NA,1217786,1220677,1223157,NA,NA,NA,1228703,NA,NA,1237027,NA,1241339,NA,NA,1249197,NA,1257376,NA,NA,1266913,NA,1282262,NA,1298388,NA,1310756,NA,NA,NA,1339063,NA,NA,1362277,NA,NA
"6","Czechia","CZE","https://public.flourish.studio/country-flags/svg/cz.svg",1278,3585,7052,10568,11875,12144,13422,14344,17953,22473,28315,36309,46361,48387,50155,60011,73458,86997,102236,116248,119648,122901,137210,152535,168872,186267,202189,206389,209512,222126,236652,250216,263440,277559,279384,281278,293216,307587,323016,340895,357032,360245,363595,379107,396111,414864,437408,458953,463550,465937,481691,499482,517483,537877,557090,560266,562420,578570,598490,618394,641904,663416,666981,669876,692905,723661,759042,796992,831219,844214,856587,891165,933895,982149,1035331,1082580,1100958,1114219,1151369,1200774,1248740,1299129,1347207,1364361,1373333,1410376,1450350,1492928,1537096,1579389,1592659,1602334,1642178,1689037,1739190,1796842,1816536,1831066,1842491,1852066,1897435,1943063,2012764,2082457,2113217,2133022,2196388,2258659,2324819,2398337,2468618,2494330,2512294,2571686,2630082,2692150,2763980,2825765,2848818,2867480,2924063,2984313,3055592,3135412,3206141,3228802,3249947,3321114,3394365,3474934,3564047,3649443,3680479,3705855,3784116,3867174,3954516,4046158,4132239,4166270,4193266,4271596,4355555,4446886,4547687,4642746,4686088,4717444,4796924,4882745,4986069,5092632,5198754,5244864,5281625,5383007,5488553,5602910,5718490,5835667,5888468,5930414,6046545,6162398,6282419,6404276,6522937,6575592,6617920,6732918,6847666,6966015,7086212,7206978,7257932,7299045,7408611,7522138,7637127,7755080,7870472,7921056,7961589,8073854,8188059,8305087,8417257,8528021,8566552,8595863,8628552,8661542,8765244,8860774,8956462,8994367,9025711,9120942,9215068,9310784,9403542,9501610,9541268,9575125,9663957,9750394,9834390,9912255,9987014,10020755,10048306,10117788,10183771,10247162,10307034,10369458,10396312,10417838,10471503,10523946,10573721,10627107,10684020,10706327,10725321,10780739,10829886,10882094,10928097,10976898,10989853,11002163,11044075,11078754,11124826,11170340,11219249,11233789,11247287,11294532,11335362,11370389,11403133,11437154,11446183,11454471,11483146,11507098,11525626,11544962,11568228,11573212,11577555,11594873,11608835,11623066,11638216,11656511,11660225,11662515,11676743,11689695,11702081,11714126,11729127,11732646,11734753,11746292,11757358,11766383,11777385,11791641,11794664,11796806,11806846,11807678,11818850,11831054,11844051,11846407,11847769,11857299,11866666,11877014,11886984,11901056,11904024,11905775,11915047,11924689,11935864,11948111,11963173,11966686,11969070,11983359,11998935,12021828,12050498,12083448,12091631,12097326,12130317,12167161,12211275,12219322,12256631,12265907,12274169,12314228,12357656,12408076,12460519,12518590,12532885,12542355,12586824,12632264,12679997,12727695,12781940,12795044,12803950,12847816,12899622,12910580,12962111,13022780,13039479,13051189,13101760,13158707,13218504,13282177,13353191,13372442,13384985,13449995,13522793,13610758,13704233,13801425,13833433,13855719,13935667
"7","Denmark","DNK","https://public.flourish.studio/country-flags/svg/dk.svg",NA,NA,NA,NA,NA,NA,NA,NA,NA,NA,NA,NA,NA,NA,NA,NA,NA,NA,NA,NA,NA,NA,NA,NA,NA,NA,NA,NA,NA,NA,NA,NA,NA,NA,NA,NA,NA,NA,NA,NA,NA,NA,NA,NA,NA,340228,348241,367659,374960,381633,398099,412250,422809,434374,448907,459638,470486,484787,500781,516073,531067,567561,575449,587448,607833,625575,639457,658524,680465,698726,714694,730414,748167,767086,779300,792848,803031,813410,825808,841730,861254,882830,902093,909766,919277,930959,944446,967403,983329,997154,1010094,1023548,1047453,1074881,1097430,1108457,1120234,1134451,1147822,1161392,1183334,1208017,1230173,1255174,1277281,1296022,1401137,1425797,1448287,1472591,1498062,1519538,1539115,1578181,1616977,1652109,1685676,1718980,1741420,1761871,1801151,1848480,1893023,1936755,1954136,1967566,2037591,2103181,2155442,2172265,2258203,2299291,2339615,2372322,2434422,2490237,2543521,2582823,2634094,2668920,2703009,2763506,2824005,2878419,2894852,2936820,3025257,3053939,3087027,3142690,3202466,3263919,3314481,NA,3349074,3438672,3495285,3554445,3612312,NA,3665747,3749446,3821213,3896801,3972264,4045518,4109270,NA,4153054,4268005,4345302,NA,4428183,NA,4554409,4612101,4703820,4776500,4846884,4914028,4975610,5016943,5057042,5120910,5193100,5263957,5335859,5398998,5443150,5485210,5560143,NA,5643208,5812333,5890419,5942879,5999567,NA,6089147,6267222,NA,6353483,6477851,NA,6532281,6708270,6793238,6869131,6937525,NA,6979016,7090455,NA,7158242,7278184,7326956,7353547,7381583,7437577,7494062,7549978,7601174,7651100,7685809,7725920,NA,7790722,7919213,7975377,8028771,8068534,8110573,8162041,8206815,8248863,8281485,8314981,8339242,8358505,8394047,8428303,8451814,8474544,8499329,8512087,8526240,8554019,8574502,8587534,8600224,8611443,8620595,8628704,8639360,NA,8649468,8666254,8676856,8687146,8695331,8708419,8720433,8733646,8745088,8756242,8762215,8767065,8779390,8790714,8801595,8811059,NA,NA,8827484,8834652,8842191,8849276,8854449,NA,NA,8867197,8872070,8880466,8890408,8897997,NA,NA,8913485,8919241,8928956,8938794,8946177,NA,NA,8966723,NA,8996802,9016786,9033291,NA,NA,9061979,9076639,9094237,9114154,9131748,NA,NA,9158332,9175405,9189229,9209227,9224909,NA,NA,9250977,9266129,9287704,9315109,9337380,NA,NA,9375523,9397808,9419477,9450057,9478735,NA,NA,NA,9561541,9602865,9643183,9681788,NA,NA,9756475,9791576,9829790,9871383,9912078,NA,NA,9997610,NA
"8","Estonia","EST","https://public.flourish.studio/country-flags/svg/ee.svg",191,509,876,1889,2475,2475,2505,2523,3165,4977,6589,7931,10146,10697,10920,11769,13349,14744,16524,17805,18025,18121,19155,20316,21798,23979,25481,25739,25900,26962,29355,31490,33961,37168,37999,38537,40145,42914,46109,49710,52776,53328,53386,55011,58161,61659,65712,68051,68342,68403,69249,71651,75978,82276,87050,87860,88693,91684,96388,96850,103385,110920,112377,112687,116153,121424,126726,134357,141451,145200,146199,149861,154969,161411,172510,180172,185674,190955,194576,199120,204543,211963,220582,222860,224203,226692,229618,235270,245305,251981,254369,254904,257188,260747,266722,278666,282600,291024,295172,298665,302273,308280,321178,331818,333447,333777,335695,338553,345771,358293,369816,371875,373282,375893,380116,385216,396799,405704,408772,411163,414393,421229,432437,447206,459066,462080,464522,470260,478955,492052,509613,523377,528886,532083,536400,542598,552713,565641,574407,577860,578823,585765,593678,602654,617359,631639,636498,640226,645723,652734,664142,680298,692788,697994,702531,706248,714817,725791,739796,751419,756620,761835,768112,777681,791146,806069,817933,824763,829339,837097,847644,860878,874992,889025,895286,899327,907944,913805,913931,914107,921747,926200,930625,938102,946504,955357,962739,970139,975170,980690,985301,993643,1000240,1008343,1014972,1018246,1022991,1027451,1034088,1041217,1048707,1053696,1055575,1059909,1065753,1073909,1080805,1088550,1095967,1099312,1102524,1108107,1114236,1119746,1124959,1130089,1133047,1135833,1141738,1147976,1154126,1159517,1166247,1169780,1171845,1177339,1183477,1189189,1194864,1200768,1205340,1207698,1213070,1217948,1223214,1228973,1230389,1233174,1234568,1238668,1242813,1247320,1251034,1255817,1259461,1263189,1267016,1272045,1274394,1277873,1281159,1284332,1286668,1290358,1293937,1297291,1300713,1304287,1307005,1309129,1312833,1316915,1320790,1324558,1328517,1331503,1333233,1336346,1340293,1344277,1348349,1352750,1356200,1358209,1359848,1363263,1365947,1368747,1371003,1373164,1373828,1375549,1377705,1379709,1381618,1383821,1385847,1387049,1388665,1390623,1392282,1394256,1396663,1397777,1398946,1400725,1402505,1404921,1407483,1411359,1413419,1414764,1417321,1420686,1423744,1426684,1430374,1432056,1433148,1435448,1438158,1440917,1443506,1446747,1448020,1448844,1450612,1452624,1454472,1456121,1458166,1458946,1459402,1460924,1462454,1463962,1465538,1467494,1468252,1468950,1470200,1471782,1473206,1474681,1476694,1477531,1477976,1479293,1480863,1482403,1483976,1486017,1486987,1487367,NA
"9","Finland","FIN","https://public.flourish.studio/country-flags/svg/fi.svg",NA,NA,NA,NA,1767,NA,NA,NA,3604,5445,NA,8155,11135,NA,NA,14196,17617,23126,33033,43143,NA,NA,54568,55824,62061,78300,91260,NA,NA,110651,117007,126910,138323,151790,162277,NA,163760,163973,173372,193917,207303,217844,220116,220636,227427,233775,247536,261342,273115,276469,277186,283926,298189,314100,333631,349139,NA,NA,NA,377441,396861,426806,442671,451999,466538,NA,487619,509187,532902,565456,NA,566387,575749,600476,625039,651289,674128,682945,683782,697411,723154,758780,788536,812039,819654,821334,830412,847501,871543,898208,921123,NA,932253,951354,981534,1020206,1054985,1061536,1063590,1063870,1065419,1083567,1120653,1160319,1186035,1219580,1229239,1293219,NA,1340701,1384090,NA,1440648,1444597,1471536,1570979,NA,1633376,NA,1683060,NA,1703632,1757197,NA,1831007,1861185,1863380,1866796,1894418,1990774,NA,2108973,2154469,NA,2155763,2253383,NA,2278754,2370423,2387156,NA,2424693,NA,2468703,2533353,2635201,2661869,2667880,NA,2756404,2810669,NA,2916093,2939551,NA,2942586,2976651,3035338,3157341,3222023,NA,3240047,3246294,3292288,3331391,3382623,3421475,3493579,3556222,3574132,3578059,3643845,3707724,3867556,3916915,3929061,3950537,NA,4011742,NA,4200693,4200712,NA,4213157,NA,4322972,NA,4462940,4511814,4525698,NA,4538998,4588933,4635900,4715679,4766957,4827970,4843824,4898111,4951925,5009576,NA,5066195,5101417,5120954,5161707,5208360,5283929,NA,5343225,5382484,5385653,5399190,5442267,5495562,5614944,NA,5653654,5660607,5719398,NA,5761188,5830896,5880854,5914744,5923422,5974121,6050053,NA,6115987,6178954,6220766,6231880,6247233,6299839,6354388,6414095,6471135,6516711,6529639,6543812,6589588,6641094,6744941,6777031,6786965,NA,6827041,6865509,6930958,NA,6974926,7006649,7030758,NA,7104015,NA,7153363,7185224,7227414,NA,7234961,7293811,NA,7332815,7358931,7374481,7376691,7410452,NA,7469028,NA,7490200,7523495,NA,7523959,7556125,7582431,7612184,7660644,NA,7665774,NA,7685427,7705165,7742817,7781763,7786863,NA,7788689,7813026,7833068,7863314,7884935,7903147,7907681,7930260,NA,7949543,7973465,7990273,8007597,8011362,8012208,8029248,8049723,8074036,8095087,8114814,NA,8117300,8127743,8140680,8153968,8167380,8176813,8177958,8180997,8189186,8197810,8217688,NA,8223747,8226509,8226816,8231550,8238091,8245157,8251633,8263773,8264138,8268724,NA,8299932,NA,8313949,NA,8316010,8316289,8320952,8330115,NA,8357278,NA,8359291
"10","France","FRA","https://public.flourish.studio/country-flags/svg/fr.svg",471,981,1295,1664,1956,2382,2666,2970,4819,10609,22298,51475,88304,99437,105240,144946,206780,271522,353990,422684,442854,453778,539495,669927,807335,965343,1086157,1124545,1134228,1213348,1316560,1429152,1567542,1676717,1709934,1716764,1790355,1896869,2005802,2137449,2250692,2283675,2293797,2386238,2524252,2671322,2857182,3010147,3051771,3063858,3177960,3328513,3481483,3669125,3824473,3871229,3880760,3990981,4128372,4268870,4460306,4644207,4718022,4728480,4846251,5013236,5194420,5426069,5689486,5914743,6041124,6198410,6426885,6662023,6967005,7314412,7560378,7626801,7817240,7997669,8186201,8397871,8664579,8842477,8894657,9098127,9389971,9689803,10075375,10475123,10686491,10749270,11005812,11359855,11694788,12096292,12468711,12670880,12735079,12806497,13130338,13504625,13962307,14487412,14781948,14872177,15223272,15676327,16108612,16591765,17075745,17353896,17440471,17783613,18207579,18628700,19103518,19583373,19884573,19992499,20368709,20839955,21322371,21874836,22431010,22649144,22778009,23234658,23773172,24322389,24939354,25567872,25855885,26031758,26570859,27231171,27896222,28289402,28908587,29374720,29597215,30120915,30731903,31343666,32010022,32672567,33098492,33273865,33569086,34157409,34757933,35425151,36113054,36560440,36699371,37259634,37935990,38581686,39300773,40058734,40550551,40731413,41329505,42011957,42669779,43358763,44100985,44593924,44771931,45366931,46058654,46728088,47415748,48178417,48675642,48851634,49447675,50136684,50808742,51458360,52206195,52729203,52940805,53547616,54236162,54921077,55606729,56352629,56862554,57060112,57645935,58316557,58966989,59621906,60360060,60847573,61017340,61663957,62478487,62815657,63664241,64539871,65118982,65343350,66053753,66882923,67686136,68514547,69375678,69930618,70131453,70802314,71585990,72334575,73099977,73864002,74334130,74495257,75068328,75709293,76302896,76896324,77526976,77917462,78055079,78572768,79156002,79694764,80243753,80770833,81113806,81202255,81706443,82258686,82781963,83299189,83850239,84192822,84311807,84809957,85349656,85851485,86337416,86874179,87214903,87325496,87770753,88243055,88682678,89063291,89501493,89820302,89890626,90176514,90466290,90788956,91060198,91391797,91638062,91685295,91915660,92172345,92469721,92706043,92990069,93192396,93226244,93412045,93617075,93860342,94054902,94292301,94457980,94483324,94640064,94804425,95000875,95163136,95381752,95519103,95537293,95683058,95840497,96026529,96182904,96399443,96524473,96538808,96679372,96833856,97009681,97160253,97372260,97483700,97496274,97631779,97777621,97960418,98113355,98317268,98429038,98440269,98583635,98728587,98912618,99057827,99256158,99359299,99369065,99379645,99536351,99730314,99897346,100122438,100242547,100254483,100438452,100665715,100937231,100959886,101226705,101360329,101373970,101594438,101862043,102142325,102401021,102739575,102904021,102921459,103159366,103460465,103771132,104100998,104588082,104875885,104947311,105360592,105910939,106473456,107086289,107788812,108198298,108313485,NA
"11","Germany","DEU","https://public.flourish.studio/country-flags/svg/de.svg",24360,42469,93203,157338,207352,232927,281019,303582,349773,402477,465644,520452,583293,644036,680031,748322,827473,939679,1023810,1115623,1173711,1221526,1304536,1424245,1557024,1662565,1764919,1851981,1899802,1990827,2089247,2198684,2291235,2398985,2487112,2544346,2664560,2797403,2960413,3095004,3242583,3336796,3390378,3499883,3634503,3790043,3934622,4090868,4198739,4264212,4390078,4524924,4676814,4821705,4980809,5093342,5179365,5336059,5506673,5683758,5874088,6088171,6236292,6339810,6539229,6759426,7007998,7253946,7529600,7732477,7880378,8118693,8371743,8661730,8946923,9274644,9515944,9686406,9935382,10114919,10320803,10514867,10760792,10981667,11146596,11416595,11718319,12058751,12392723,12768208,13050159,13246943,13553478,13883449,14221273,14549763,14776001,15008529,15201988,15450471,15824857,16494078,17194381,17827866,18200981,18465323,18884800,19462642,20239466,20921760,21520219,21886830,22156801,22560366,23122669,23845329,24485385,25042989,25409366,25692838,26126992,26913908,28038880,28987068,29792891,30129758,30395134,30848150,31692411,32841640,33834742,34727927,35154446,35441066,36031687,37119532,38538005,38967809,39725590,40126519,40409086,40965599,41838953,42938352,43888280,44740866,45215308,45500781,45827067,46483754,47664888,48707530,49613172,50024255,50308316,50856256,51846096,53096201,53740134,54552494,54965907,55258528,55873729,56932149,58361450,59557399,60624510,61061410,61344562,62001337,63052737,64440020,65591965,66587855,67016064,67311271,67944501,69025374,70364986,71405144,72329045,72740255,73032562,73663784,74600293,75626911,76613541,77463804,77842070,78115846,78654204,79436364,80436835,81289596,82050664,82395069,82623659,83094267,83859878,84839317,85610688,86274001,86547013,86747682,87131378,87742404,88501766,89127231,89701097,89913641,90038365,90378623,90934763,91628696,92209639,92709583,92905288,93022859,93318075,93782450,94358283,94878684,95321319,95507581,95623911,95919710,96351617,96896107,97371143,97796683,97992662,98111156,98377720,98740394,99164505,99499718,99842797,99999455,100093814,100327111,100625453,100968245,101269252,101522750,101660330,101745785,101938244,102181915,102478085,102736148,102983731,103091945,103156677,103312126,103535680,103796741,104052796,104280917,104391496,104456289,104623488,104861023,105145594,105422182,105671588,105784313,105853909,106012510,106247057,106522777,106791569,107032920,107133372,107190084,107342083,107566058,107818009,108062626,108190088,108222337,108236220,108331758,108514211,108718659,108930082,109112676,109153672,109170870,109266653,109445977,109651618,109859550,110030293,110071884,110088634,110180884,110358629,110563006,110769345,110929614,110973975,110988468,111096074,111305389,111547709,111795877,112002623,112055526,112071945,112136373,112350577,112641294,112941070,113196921,113267124,113299288,113472571,113810619,114208586,114620463,114950151,115052997,115101554,115344802,115816165,116365170,116941353,117476233,117688488,117781506,118187188,118891966,119772947,120640749,121458533,122013098,122206222,122816103,123702390,124779564,125828467,126817284,127582381,127821101,128435378
"12","Greece","GRC","https://public.flourish.studio/country-flags/svg/gr.svg",NA,447,1077,1722,2339,2603,3149,3869,10327,16631,20616,26445,35272,40427,44645,50045,56475,64932,70960,75412,80391,NA,85898,94454,109831,125928,143877,160101,NA,179951,197755,216040,234285,253363,271287,NA,293817,315628,338122,359723,380136,397857,NA,417565,437872,459535,482416,506038,526369,NA,554745,575766,603667,634037,664347,693436,697245,730410,762624,794347,826370,857306,885821,NA,921189,957139,991409,1024711,1059304,1091749,NA,1126060,1158386,1190723,1222393,1254087,1283472,NA,1285437,1316554,1345735,1375828,1407064,1436491,NA,1469020,1503487,1536957,1537104,1572726,1604238,NA,1635676,1668956,1699807,1739051,1777502,1830362,NA,1886370,1946339,2003644,2058750,2114222,2169353,NA,2225878,2280934,2334557,2387148,2440210,2491857,NA,2546154,2600998,2652448,2708780,2765367,2821625,NA,2883199,2945058,3009488,3075698,3097693,3115339,NA,3136791,3201212,3309765,3424441,3535148,3647616,NA,3760640,3868356,3973336,4079168,4185347,4292541,NA,4405618,4513979,4615746,4716739,4814981,4913334,NA,5012666,5107830,5206825,5305355,5402105,5498042,NA,5597624,5691818,5791280,5888281,5986480,6084963,6156375,6258951,6361417,6463465,6564056,6665626,6770033,6835783,6938959,7041432,7142822,7244517,7345346,7446861,7508584,7510968,7616421,7722093,7822697,7925253,8028343,8098959,8202338,8299173,8391535,8475823,8559280,8641748,8710475,8802118,8884422,8966023,9050766,9138465,9228699,9233521,9325449,9409245,9485402,9560592,9637701,9717834,9723233,9807851,9880514,9950017,10025958,10093195,10160738,10162629,10237691,10304614,10362660,10417610,10475917,10536457,10538744,10588397,10634825,10676924,10718787,10761438,10806193,10807733,10843911,10875211,10906296,10936531,10965338,10988409,10988838,11018447,11047575,11076656,11101460,11128403,11153817,11154395,11186043,11215341,11247943,11278583,11311667,11342438,11343445,11376741,11408609,11439413,11466985,11495740,11522842,11523504,11552558,11579860,11608678,11635474,11665847,11696468,11697197,11728334,11757399,11789457,11817112,11848069,11879410,11880179,11909198,11934359,11960582,11983436,12011414,12041227,12041797,12066901,12088975,12112128,12133980,12155993,12180365,12180755,12200590,12219868,12238607,12255563,12275855,12296873,12298000,12315494,12331868,12347016,12360246,12376355,12393460,12394549,12422985,12450262,12477519,12503723,12531351,12557691,12558035,12583526,12603840,12630079,12630449,12661055,12690458,12690809,12719596,12751618,12787753,12824577,12866026,12900338,12902215,12944760,12989239,13044813,13100811,13156658,13209474,13212743,13266656,13341623,13411039,13479396,13551358,13620607,13625618,13696351,13777991,13863104,13954028,14046041,14132796,14144357,14228826,14313976,14406712,14501310,14598248,14696018,14788422,14908439
"13","Hungary","HUN","https://public.flourish.studio/country-flags/svg/hu.svg",NA,1094,NA,NA,NA,NA,NA,NA,NA,NA,NA,NA,NA,NA,NA,NA,NA,NA,NA,NA,NA,NA,131332,133257,138584,144798,150128,153392,156098,162315,170476,187508,213010,247889,278830,299138,311662,322306,334130,357303,381062,391621,396634,401791,406197,411992,431097,455168,463383,465636,473551,483751,506044,544253,600048,636240,654462,662816,679850,719146,761905,808008,927181,936938,974524,1011405,1052593,1142680,1254377,1288974,1310643,1361530,1425697,1476985,1581521,1670757,1711969,1733557,1746578,1804088,1863621,1922005,1985993,2038133,2068990,2118256,2190630,2272123,2398215,2537934,2589469,2609739,NA,2764216,2853155,3019875,3126733,3217618,3275851,3355199,3542687,3686031,3815241,3932413,4033579,4117641,4220229,4327732,4416581,NA,NA,4638477,4657806,4717755,4788720,4872750,4999342,5129390,NA,5268968,5391453,5548121,5692877,5794447,5971865,6080554,6150309,6257132,6372472,6468466,6610557,6714425,6776759,6809350,6876236,NA,7005646,7110455,7211350,7301801,7366464,7464227,7565412,7644400,7785158,7936671,8006671,8035628,8099469,8236826,8384309,8530199,8659977,8719578,8758639,8832277,8901553,8959570,9053097,NA,9249943,NA,NA,NA,NA,NA,NA,NA,NA,NA,NA,NA,NA,NA,NA,NA,NA,NA,NA,NA,NA,NA,NA,NA,NA,NA,NA,NA,NA,NA,NA,NA,NA,NA,NA,NA,NA,NA,NA,NA,NA,NA,NA,NA,NA,NA,NA,NA,NA,NA,NA,NA,NA,NA,NA,NA,NA,NA,NA,NA,NA,NA,NA,NA,NA,NA,NA,NA,NA,NA,NA,NA,NA,NA,NA,NA,NA,NA,NA,NA,NA,NA,NA,NA,NA,NA,NA,NA,NA,NA,NA,NA,NA,NA,NA,NA,NA,NA,NA,NA,NA,NA,NA,NA,NA,NA,NA,NA,NA,NA,NA,NA,NA,NA,NA,12111107,NA,NA,NA,NA,NA,NA,NA,NA,NA,NA,NA,NA,NA,NA,NA,NA,NA,NA,NA,12478893,NA,NA,NA,NA,NA,12596132,NA,NA,NA,NA,NA,NA,12744317,NA,NA,NA,NA,NA,NA,NA,12958848,NA,NA,NA,NA,NA,NA,13230807,NA,NA,NA,NA,NA,NA,13598032,NA,NA,NA,NA,NA,NA,14282270,NA,NA,NA,NA,NA,NA,NA
"14","Ireland","IRL","https://public.flourish.studio/country-flags/svg/ie.svg",NA,132,201,1247,2270,3072,4081,4095,5266,8763,15504,27205,39861,47918,52674,60988,69832,79675,87714,95352,100555,101652,110317,118674,128043,137938,145619,150223,151777,154380,158847,167672,180150,193197,201581,205862,215160,221035,229244,241148,253096,257824,259415,261405,266117,275473,282020,286883,289966,292649,302429,316156,334300,351039,366957,376362,378456,383454,397815,416762,436485,455244,464872,467330,473623,487321,501568,521868,542593,553072,554551,562603,579394,596972,617401,635925,644288,644619,648117,660744,667937,684188,700503,708702,712287,721943,741721,764946,795852,824838,841739,NA,878624,904688,935772,969449,981463,984547,988444,1008383,1036976,1067489,1097143,1112303,1115399,1125765,1145663,1172393,1210074,1247645,1267837,1269262,1278066,1300232,1336528,1380084,1425815,1456273,1466175,1484579,1518050,1552434,1595217,1644596,1667592,1680766,1695723,1728865,1774117,1825583,1880991,1913354,1933770,1967058,2016044,2068034,2129311,2195360,2236325,2260446,2299594,2350868,2405305,2463756,2527322,2567344,2591069,2629887,2679500,2727495,2780609,2840574,2872621,2898482,2931386,2973527,3016613,3065529,3117554,3149594,3173133,3197056,3241682,3294319,3349261,3408156,3439721,3466989,3513850,3569719,3631144,3695315,3757435,3796504,3831005,3878851,3937716,3997463,4061233,4126804,4166352,4205228,4254037,4313359,4372652,4435868,4496929,4536651,4570756,4624346,4689963,4757762,4826512,4891056,4927355,4960516,5014876,5079397,5144572,5205942,5265423,5300527,5334766,5383678,5439456,5495842,5551591,5604488,5636519,5665614,5710470,5762812,5814205,5863735,5910127,5936818,5957285,5988182,6031548,6071974,6116451,6153825,6168833,6189305,6218026,6253578,6292019,6337479,6377041,6400992,6421592,6454914,6494809,6536109,6573377,6610805,6630644,6650945,6677163,6709877,6738792,6766879,6795974,6813762,6831689,6847734,6864546,6881973,6899403,6920161,6935386,6952510,6964248,6977264,6994689,7012575,7029871,7043694,7058559,7067813,7080080,7095762,7108252,7125392,7138866,7149185,7155708,7163826,7173864,7184308,7193578,7202559,7211174,7216374,7223456,7229361,7236279,7245907,7252931,7258334,7264622,7277092,7292875,7308582,7324533,7334113,7340832,7348888,7361601,7376367,7392414,7406230,7418046,7424322,7431136,7444171,7458428,7473003,7484321,7489414,7494882,7497420,7504259,7514427,7525547,7535505,7541068,7544969,NA,7548281,7558638,7571454,7586007,7602469,7616925,7629659,7645250,7670673,7700073,7731664,7759136,7781442,7793968,7810359,7840168,7875208,7915894,7948577,7973414,7991136,8008436,8044592,8083848,8124533,8161163,8187417,8207482,8229668,8269414,8307842,8345140,8378005,8399827,8417692,NA
"15","Italy","ITA","https://public.flourish.studio/country-flags/svg/it.svg",7339,8841,9935,14790,40686,51948,90971,126814,196354,276546,341693,434256,531114,619289,680140,762188,845587,940910,1035122,1125895,1191856,1229431,1274023,1307571,1339038,1375526,1402850,1442198,1476216,1545776,1626591,1697771,1791941,1890958,1981679,2041614,2127741,2216263,2316471,2425184,2533137,2611334,2653704,2720857,2788066,2861321,2936560,3011059,3063974,3093996,3157050,3228523,3309168,3399689,3493202,3571747,3622970,3729036,3835950,3958535,4087432,4226449,4353500,4431928,4567994,4730405,4918267,5116938,5323737,5502295,5605436,5787644,5983623,6200037,6425162,6638269,6815804,6921813,7097442,7238210,7404401,7568491,7745065,7921361,8052088,8248683,8475674,8733887,9005561,9278133,9519528,9683189,9927470,10198248,10505680,10794399,11078090,11309021,11405323,11576824,11863841,12198868,12538889,12875683,13197652,13400068,13668228,13958649,14281048,14634035,15015520,15376330,15618922,15930753,16265555,16639900,17040441,17447207,17835106,18103198,18448749,18823409,19233788,19765053,20295104,20729358,21100137,21513996,21967547,22454571,22976733,23523060,24037512,24421609,24863818,25322376,25808259,26338553,26894695,27440310,27850642,28318689,28789179,29277442,29832158,30404956,30928255,31336190,31801373,32281655,32810099,33401364,33996927,34522141,34924604,35405064,35874283,36286917,36885101,37518577,38137485,38649993,39221741,39804573,40399458,41034004,41657576,42224497,42660305,43194477,43731530,44289920,44895390,45505455,46064967,46503001,47062177,47634292,48203187,48815582,49433590,49989257,50421261,50981193,51545029,52118965,52688660,53244720,53772260,54187080,54728078,55266921,55815755,56401855,57001045,57570436,57981888,58549301,59121293,59689033,60303826,60900503,61438761,61883913,62459054,63026954,63611673,64218917,64806954,65302182,65665573,66230898,66804710,67344339,67884513,68400828,68833516,69129709,69607974,70077020,70555234,71017391,71457358,71802760,72062396,72469949,72847619,73206643,73545619,73842400,73971058,74023882,74258972,74510144,74769990,75012567,75244021,75400385,75513595,75824287,76105367,76400543,76682682,76973460,77200717,77361754,77712433,78036737,78350937,78649596,78945770,79166649,79309864,79599843,79882522,80154121,80432476,80706310,80911419,81043577,81300051,81539524,81763292,81979415,82197829,82404852,82535634,82802157,83058114,83309868,83539608,83774701,83979655,84106956,84328891,84531050,84728267,84932209,85108783,85259047,85344993,85520130,85686105,85845179,86005587,86178125,86326219,86411353,86594193,86783511,86988419,87213477,87432816,87603756,87707610,87904436,88090343,88278090,88469322,88649634,88783232,88850709,89020412,89191466,89374378,89569434,89752361,89886265,89946964,89999539,90167385,90362951,90565390,90780942,90933438,91000404,91200602,91406951,91622961,91840263,92062515,92228718,92302545,92513429,92731253,92954001,93196052,93448702,93642045,93725117,93979232,94262969,94579721,94927021,95294138,95607157,95767321,96143913,96557973,97014796,97498587,98008744,98468653,98759657,99255774
"16","Latvia","LVA","https://public.flourish.studio/country-flags/svg/lv.svg",38,644,1523,2324,2331,2339,2341,2345,3053,3950,4734,5547,6467,6779,7116,8493,10133,11657,13501,15382,16058,16185,17045,17934,18725,19020,19252,19388,19393,20075,20947,21783,22579,23548,23869,24219,25417,27247,28884,30400,32077,32656,32789,33211,33405,34060,35868,37621,38030,38061,38948,40355,42380,43948,45337,46098,46917,48718,51142,55483,59698,63106,63711,63852,65648,67859,72049,78131,83032,83835,83931,85670,88065,90598,93316,98383,99329,99410,103226,103450,103649,103955,104739,105171,105216,107955,113598,119865,125333,129392,130000,130043,132203,137299,143154,147385,147983,151395,153033,155920,161381,170707,177840,182803,184521,184630,187094,190866,197243,203228,212388,218674,219615,223642,231082,241339,251249,262089,268329,269735,274338,281886,296672,311100,322680,329549,331169,334152,343003,359766,381474,401535,413860,415501,425016,443047,465658,487764,509250,522572,527628,539336,556342,578893,599795,620062,632460,635318,647057,667662,689643,711633,736442,748339,752497,765545,786840,808850,830722,850740,862028,867268,882152,900290,918672,935692,953061,961349,963004,973407,986377,1002305,1015580,1032879,1041387,1044891,1057336,1067631,1068010,1068133,1071169,1074415,1076724,1092254,1106688,1121442,1133250,1145706,1154375,1156613,1164366,1173282,1183485,1192203,1203546,1211597,1213673,1220175,1226829,1232745,1237571,1243282,1246952,1248229,1253350,1260173,1267573,1274140,1280446,1285199,1286579,1292306,1298595,1305568,1311111,1318039,1321894,1323321,1328205,1334578,1341125,1346361,1352940,1357095,1358211,1362982,1368981,1376523,1381855,1388421,1392330,1393598,1398395,1404431,1411821,1417516,1424581,1428341,1429634,1434911,1441042,1447838,1453390,1460686,1464144,1465302,1471160,1477333,1483096,1488499,1495013,1498576,1499588,1503968,1509021,1516007,1521811,1528464,1531369,1532407,1537090,1542285,1548396,1554194,1561533,1565782,1566844,1571892,1578255,1584798,1591773,1600856,1606878,1608559,1615049,1621609,1629574,1637768,1646535,1651220,1653291,1658970,1666188,1674342,1681784,1692386,1700384,1703818,1712720,1724309,1738302,1752108,1769369,1781943,1786884,1799726,1813560,1828044,1843295,1859551,1869657,1872747,1883900,1896129,1909479,1922340,1936915,1945772,1948545,1958952,1971684,1985733,1998827,2013515,2023091,2026489,2038099,2050474,2063467,2076392,2088225,2096289,2098860,2106948,2115812,2126191,2127355,2132480,2137918,2139518,2148190,2156526,2165154,2173010,2182081,2186394,2187888,2193902,2200314,2207057,2212778,2218603,2221304,2221739,2225229
"17","Lithuania","LTU","https://public.flourish.studio/country-flags/svg/lt.svg",2417,5214,8194,9725,9755,9755,9755,9755,9756,10378,13886,18072,23271,23575,23577,25790,27889,34074,42744,50112,51220,52358,56878,63150,66615,68248,68643,68645,68645,68754,71916,78840,85973,94079,94722,94730,97640,101572,108424,118335,125727,126462,126559,129248,132130,138322,147432,154775,155225,155226,159882,160422,168730,180104,190629,191641,191644,197123,205808,217582,229472,239541,240354,240808,248393,257768,269814,285342,299416,300044,300048,309005,320939,336638,337784,355778,357528,357558,365599,375834,386415,394851,404168,404909,404946,413226,426163,443839,460890,477395,480551,480740,488623,501575,522433,540808,560703,569372,571783,575508,590235,603010,630022,663571,679221,680956,689739,708616,735475,758719,779210,781729,781815,787672,802968,829697,855935,880634,885203,885477,891661,904738,920064,952800,990577,1006367,1007117,1020477,1048697,1083256,1118601,1151670,1167346,1174487,1194336,1220514,1252082,1281918,1313241,1319383,1319886,1335268,1359365,1391981,1423646,1448642,1457536,1459056,1472577,1497483,1526044,1555460,1586602,1595057,1595652,1613775,1645985,1686095,1722710,1763907,1779855,1785473,1807048,1833497,1861278,1886430,1909540,1915480,1919680,1939337,1963661,1992544,2021553,2047193,2053704,2054761,2070827,2096210,2123755,2134001,2162984,2171417,2177643,2197597,2222541,2245981,2263254,2282925,2288627,2289080,2302142,2306853,2323102,2340055,2354496,2358644,2358937,2370495,2380421,2389221,2400070,2412582,2415717,2417254,2428146,2439698,2452746,2469709,2485678,2489570,2491026,2507218,2522333,2539179,2560223,2576557,2582840,2585691,2601703,2614526,2630382,2655764,2678906,2685427,2686637,2704663,2721172,2739345,2762282,2781980,2785671,2786536,2806723,2823825,2846070,2869777,2888544,2891763,2892327,2908091,2921836,2937564,2955849,2972564,2974993,2975454,2988948,2999833,3010263,3023987,3036112,3038416,3038659,3048775,3058205,3068679,3081522,3093672,3095688,3095923,3106663,3116646,3126576,3137466,3148427,3149995,3150217,3158398,3166384,3174527,3183986,3193150,3194504,3194747,3202097,3209329,3216792,3225863,3234641,3235786,3236223,3243445,3249982,3256806,3264697,3273123,3274310,3274770,3281023,3286795,3292796,3300084,3308302,3309514,3309967,3316584,3322383,3329544,3338646,3348502,3349762,3350473,3358508,3366347,3374422,3383582,3393586,3394566,3395155,3395342,3395546,3406554,3419569,3431812,3433469,3434541,3443863,3455376,3465876,3480243,3494818,3496783,3497755,3507827,3519094,3533645,3553253,3573013,3576102,3577328,3591784,3607441,3625479,3645726,3666390,3671171,3673363,3687725,3703025,3721611,3742796,3764364,3768943,3771244,3786774
"18","Luxembourg","LUX","https://public.flourish.studio/country-flags/svg/lu.svg",NA,452,800,1251,NA,NA,NA,NA,NA,NA,1351,1496,1706,NA,NA,1948,2377,2875,3237,3680,3759,NA,4573,5297,6197,6901,7583,7715,NA,8556,9524,10448,11371,12303,12430,NA,13240,14253,15410,16422,17438,17633,NA,18144,18658,19929,21396,22566,22901,NA,24030,25925,27126,28940,30563,30988,NA,31932,33377,34768,36079,37376,37800,NA,39128,40472,42129,44181,45986,46720,NA,47526,48969,51464,54881,57785,59059,NA,60781,64074,67160,70350,73203,74265,NA,75548,78011,80348,82671,85194,86575,NA,89706,92597,95682,99380,102810,105908,NA,108963,112796,117180,122002,126956,130337,NA,135156,141425,147597,153507,159195,164174,NA,165600,166807,170127,173241,176526,178895,NA,180589,182007,186569,191513,196265,200649,NA,206803,213333,220349,227416,234419,241376,NA,248603,255791,263010,269997,277491,285030,NA,291624,297469,304183,309753,315287,320011,NA,322879,325029,329515,334894,340260,345699,345700,351181,356450,365049,373624,382176,389646,NA,398219,406713,414518,423223,431654,439797,NA,446731,452742,460717,468511,475043,483680,NA,491875,499690,506145,512741,520030,527754,NA,535033,542954,551889,560687,569305,577784,NA,585592,593097,599263,604183,609217,614859,614860,621098,626218,633809,640356,646611,653255,NA,659220,664554,668954,673293,678449,683951,NA,690044,695083,698523,702300,706054,710740,NA,715394,719765,723349,726546,729634,733146,733185,736024,738419,740622,742343,744159,746232,NA,747772,749241,750472,751740,753028,754290,754396,755436,756766,757907,758932,760248,761361,NA,762478,763848,764885,765952,767238,768095,768183,769075,770233,771138,772112,773261,774254,774289,774368,775945,776887,777799,779159,779530,779648,779783,781124,781865,782567,783557,784483,784564,785274,787482,788877,790331,792290,793162,793214,793735,795150,795864,796709,798072,799046,799052,799135,800912,801995,803227,804651,806041,NA,807379,809165,811194,812955,815317,816580,816613,818114,821309,824389,827186,830309,832362,NA,832368,835946,838848,841530,844395,846145,846169,847695,850495,852674,855000,857513,859573,859578,861816,864526,867385,870613,874950,877652,877675,880744,885695,890878,895980,901468,904306,904330,NA,914730,920788,926897,933555,937189,937282,NA
"19","Malta","MLT","https://public.flourish.studio/country-flags/svg/mt.svg",NA,NA,NA,NA,NA,NA,NA,NA,NA,NA,NA,NA,NA,NA,NA,NA,NA,NA,NA,NA,NA,11705,13002,14276,15316,16531,17767,NA,19981,21172,22371,23512,24680,25822,26847,27759,29002,30252,31633,33477,35676,37586,39257,41285,43337,44598,46344,48474,50175,51641,53647,55709,57683,59702,62059,63308,64419,66334,68779,71562,73644,76159,77967,79624,81883,84129,86854,89946,92806,95899,97864,101776,105416,108971,113258,117121,120073,122366,126277,130861,133871,138264,140331,143169,145934,150897,155678,160260,166104,171873,176612,180587,186111,191716,197383,203553,209065,212466,215700,219161,223020,227606,232335,237806,240984,244718,249400,254885,259272,264658,269763,274641,276516,282841,288797,295587,301594,307636,311559,313279,318706,323324,326934,331438,335848,339727,341909,346951,352421,359429,365902,372620,375986,379951,386760,392929,400118,406921,414632,420815,424325,430508,437654,445830,453711,461215,468829,474475,482577,490524,498726,505100,509312,512214,515662,519994,528592,534639,541178,546637,551494,553814,558320,564718,570513,576256,582206,587160,589507,596074,604033,609867,616102,621674,625844,628735,631446,636059,640729,646651,650411,653005,654649,659488,664859,670759,675014,679538,682731,685024,689924,692581,696858,700180,703928,705852,706857,709131,711973,715447,718418,721415,723299,724343,728106,730483,733736,736727,742361,743712,744521,746883,750641,751546,755655,758252,759818,760417,762832,765417,767831,770496,773225,774250,774907,777181,778936,780770,782600,783983,784626,784729,786015,787194,788292,789540,790833,791240,791292,792173,793015,793866,794531,795190,795566,795649,796333,797017,797562,798068,798760,799148,799214,800572,802042,802798,803975,804841,805439,805479,806726,807825,808968,810125,811183,811704,811753,812828,813115,814067,814957,816136,816727,816767,818593,NA,NA,NA,NA,NA,NA,NA,NA,NA,NA,838419,839636,840675,842643,844723,846671,848445,850536,852233,853683,856311,858858,860910,863183,865419,866963,867820,869715,871592,873859,875862,877291,878722,879909,881843,883070,884349,885683,886762,888337,888880,892243,895343,898248,901238,903363,906453,908687,911620,914967,918309,921147,924089,927127,930460,933791,936815,939732,942729,945882,949337,952809,956338,959906,962678,965802,968248,971433,974618,NA
"20","Netherlands","NLD","https://public.flourish.studio/country-flags/svg/nl.svg",NA,NA,NA,NA,NA,NA,NA,NA,NA,NA,3836,10223,17998,25763,NA,43349,50395,56054,61709,67135,72098,77062,90501,103941,117379,130814,145100,155923,166744,182784,202298,228684,259011,293476,324442,352607,387079,421714,454534,489139,522426,550165,573825,606977,639281,671270,703221,735170,763648,792123,823781,855438,890861,927630,966691,1004821,1042946,1080803,1124546,1175184,1228660,1286637,1339613,1388722,1434055,1480498,1525199,1569345,1611757,1650192,1684629,1725930,1767878,1809881,1851826,1891583,1931334,1971062,2001500,2032139,2063000,2093750,2124163,2154571,2184977,2215454,2249563,2295698,2341770,2389622,2436456,2483287,2546738,2614088,2687116,2759971,2835045,2886076,2935508,2990807,3073830,3167826,3269852,3377067,3479204,3580140,3700903,3821559,3941806,4059199,4173819,4284020,4392044,4503322,4610534,4706715,4795181,4882680,4970139,5057376,5155007,5252414,5347966,5448609,5548858,5656852,5755953,5865787,5971646,6095020,6218760,6345406,6470476,6589419,6717694,6853857,7008068,7157758,7298925,7448364,7589934,7744464,7898773,8047416,8191558,8335189,8477203,8616111,8702725,8805285,9004501,9137234,9296269,9456080,9608511,9767088,9933050,10099126,10272295,10438618,10603208,10774737,10907972,11145074,11395454,11640368,11878295,12208790,12442350,12651035,12862499,13067373,13269681,13472247,13676759,13875172,14075757,14276342,14477525,14680637,14896699,15121633,15342995,15553035,15764668,15974932,16185352,16392351,16596971,16726739,16924275,17101744,17277702,17449866,17625182,17794736,17960133,18106978,18311339,18467384,18621626,18782114,18942204,19095198,19222005,19348991,19473740,19600216,NA,NA,NA,20254917,NA,20464166,NA,NA,NA,NA,21075870,NA,NA,NA,NA,NA,NA,21743306,NA,21955422,NA,NA,NA,NA,22402305,NA,22486836,NA,NA,NA,NA,22695140,NA,22773830,NA,NA,NA,NA,22953546,NA,23013287,NA,NA,NA,NA,23143234,NA,23179631,NA,NA,NA,NA,23277532,NA,23320388,NA,NA,NA,NA,23400202,NA,23440062,NA,NA,NA,NA,23540559,NA,23585124,NA,NA,NA,NA,23667267,NA,23698483,NA,NA,NA,NA,23767664,NA,23793422,NA,NA,NA,NA,23858776,NA,23884413,NA,NA,NA,NA,23944362,NA,23975215,NA,NA,NA,NA,24099493,NA,24134425,NA,NA,NA,NA,24227482,NA,24260871,NA,NA,NA,NA,24350365,NA,24382465,NA,NA,NA,NA,24455078,NA,24487879,NA,NA,NA,NA,24636432,NA,24693092,NA,NA,NA,NA,NA
"21","Poland","POL","https://public.flourish.studio/country-flags/svg/pl.svg",NA,2000,6300,36300,47600,NA,50391,50833,92220,140226,160359,188956,198787,200022,203053,257834,309620,369212,410480,436963,457303,469466,495164,541229,591785,644999,684277,701164,707474,776987,905457,1008253,1097036,1141081,1156931,1176904,1231716,1342435,1461578,1566604,1617764,1641158,1656708,NA,1773715,NA,1993739,2071009,2107089,2122245,2159146,2230117,2384794,2556999,2660776,2697815,2715159,2759436,NA,2990683,NA,3269812,NA,3336354,3383426,NA,3619316,3791577,NA,3951104,NA,4004734,4086863,NA,4391256,4487273,4517537,4530783,4557060,4605929,4738902,4893320,4983494,5014167,5026182,5077928,5193835,5381726,NA,5755551,NA,5882581,NA,6081824,6270976,6462769,6614819,NA,6658909,6665384,NA,6999652,7263426,NA,7635264,7687617,7784384,7970164,NA,8484815,NA,NA,NA,9006539,9210419,9495317,9806966,10069710,NA,10343967,NA,10740169,11081369,11470800,NA,11877060,NA,11995786,NA,12614827,13034348,13409463,13670541,13764238,13957627,14274291,NA,15144771,15509013,15776030,15879467,16043547,16372436,NA,17254902,17620338,17866586,17941112,18085811,18389807,18785240,19175171,19525032,19807955,19909052,20084619,20536042,21174546,21326996,21753938,22025871,22134362,22340624,22737088,23240142,23628450,24045826,24360781,24470301,24687629,NA,25482985,25884468,26206854,26422469,26494562,26665528,27078372,27467853,27621910,NA,28354710,28447379,28601320,28888753,29242214,29544033,29791445,29965841,30024149,30148610,30397872,30739367,31004510,31258249,NA,31535478,31653505,31863546,32158852,32413199,NA,32788403,NA,32923412,33083693,33280946,33482067,33641540,NA,33770147,33843941,33945590,34096548,34221338,34334259,34429956,34463736,34521740,34597705,34702058,34806538,NA,34986764,NA,35050510,35114129,35189762,35281208,NA,35409730,35430974,35474489,35528975,35621237,35690920,35763435,35805427,35824579,NA,35917007,NA,36053472,36127090,36171384,36194405,36232370,36286614,36335572,36391474,36452021,36485044,36499891,36525458,36561654,36604902,NA,36709898,36737087,36749445,NA,36803305,36841191,36878694,36922081,NA,36956930,36977687,37007048,37073097,37104651,37144805,37147012,NA,37158644,37186150,37212955,NA,37317759,37331309,37377609,37666261,NA,NA,NA,NA,NA,NA,NA,38043351,38051598,NA,38252125,38280933,38286490,NA,38373412,38439839,38510829,NA,38621872,38629517,38671357,38802190,NA,38951997,39031279,NA,39064978,39067239,39120916,39207074,39299459,39408902,39459792,39469339,39528986,39622998,NA,39757822,39854041,NA,39905294,39971172,40075742,40203203,40334156,40486708,40571910,40587690,40686596,40827691,NA,41183099,NA,41536389,41568021,41675389,NA,42033071,42226766,42488461,42672883,42714925,NA
"22","Portugal","PRT","https://public.flourish.studio/country-flags/svg/pt.svg",4963,7754,20368,30543,32749,32749,32750,32750,33670,46433,61454,71751,74254,74352,74392,85210,96092,109891,121041,128527,130062,131230,136664,160394,189327,222431,248690,263484,267659,NA,275459,290373,307964,327697,342193,348731,380349,383902,392728,405994,421161,435871,437687,442273,446092,461185,482122,514221,551273,569251,583052,593817,610362,632733,672667,710442,729484,737479,751519,777939,809539,854227,895109,919144,935797,951955,967677,995979,1039029,1078878,1096035,1109407,1120398,1131392,1155070,1190192,1223882,1240180,1258578,1283549,1291054,1325499,1370772,1415629,1438694,1451980,1469706,1492015,1534508,1605940,1636648,1700063,1732660,1756207,1787154,1810830,1894111,1929545,1947479,1956767,1989412,2029130,2090978,2161470,2231029,2243940,2268268,2300252,2344479,2408032,2477676,2545471,2664289,2749816,2782180,2820393,2874262,2942070,3019626,3063239,3101452,3150351,3199732,3272503,3353310,3439613,3491117,3539040,3604100,3681207,3772136,3873160,3977410,4059895,4131778,4210324,4279635,4348034,4420531,4500372,4630222,4728767,4797237,4876733,4956029,5038680,5124134,5195200,5256549,5324495,5393297,5481141,5580160,5683918,5757167,5819732,5889852,5978608,6068089,6139733,6230406,6311336,6391369,6495584,6591087,6690404,6802793,6859237,6930260,7004593,7097762,7200180,7311216,7479536,7530381,7668858,7739475,7770586,7877206,7987714,8099100,8208727,8306811,8463585,8578272,NA,NA,NA,NA,NA,9286919,9433287,9591990,NA,NA,NA,NA,10342985,10461057,10576340,10696676,10813000,10928835,11027006,11111267,11210995,11310134,11406004,11508424,11611090,11704915,11781021,11867363,11952984,12040296,12128095,12221518,NA,12387205,12473461,12558632,12664554,12767042,12867924,12955410,13026338,13112728,13213532,13306144,13397347,13515715,13619434,13694919,13793467,13874284,13953892,14028487,14108501,14237035,14297281,14366777,14427342,14491484,14546798,14606798,14685643,14731463,14786296,14837067,14891181,14940731,NA,15104169,15163132,15209952,15251560,15292386,15333967,15374831,15500513,15541726,15597167,NA,NA,NA,NA,NA,15809057,15879894,15905041,NA,NA,NA,15949645,15985379,NA,NA,NA,NA,NA,NA,16066849,NA,NA,NA,NA,NA,NA,16124996,NA,NA,NA,NA,NA,NA,16179680,NA,NA,NA,NA,NA,NA,16222829,NA,NA,NA,NA,NA,NA,16254419,NA,NA,NA,NA,NA,NA,16278145,NA,NA,16666145,16728145,NA,16803145,16833391,16856391,NA,NA,NA,NA,17058391,NA,17108391,NA,17208391,17308391,17408391,NA,17471611,17533859,17599044,17665664,17735806,17795889,17862361,NA
"23","Romania","ROU","https://public.flourish.studio/country-flags/svg/ro.svg",965,2066,2778,5666,10289,11656,13242,13596,25508,41609,58554,76400,92706,102301,108294,125190,140447,154268,154268,183669,196090,204185,235239,270046,308384,348096,385936,418885,446285,484631,528378,570704,609396,647000,672396,691415,721184,748732,772202,794795,821552,840812,856322,891348,930155,970967,1009421,1048797,1084096,1113975,1151112,1197089,1240408,1280228,1318355,1351279,1379223,1409087,1438432,1466649,1486907,1506032,1521736,1532872,1565021,1603179,1641874,1685611,1732964,1781602,1826786,1870244,1918443,1969846,2019757,2069143,2117865,2160564,2210140,2270124,2324405,2376330,2426191,2477095,2521512,2568108,2626770,2685878,2744764,2799895,2858442,2913155,2965613,3030031,3088292,3145907,3203876,3259301,3307636,3359006,3413955,3469294,3526117,3580406,3642345,3699333,3762214,3838804,3918924,3998980,4078614,4159792,4231714,4306981,4395865,4487643,4575020,4665420,4755099,4832203,4913012,4997659,5081449,5161840,5240452,5300469,5341742,5408309,5493913,5588267,5688721,5781222,5891855,5995792,6095252,6201096,6305850,6409083,6519397,6638418,6740080,6834736,6931689,7026106,7114065,7199038,7274491,7328556,7386171,7454991,7526513,7593891,7663368,7740297,7809390,7873523,7926291,7981963,8042576,8110583,8180838,8238940,8288345,8337812,8383685,8425239,8466467,8505715,8537162,8568228,8600553,8632630,8661632,8690945,8716424,8736769,8756809,8780559,8806645,8832244,NA,NA,8880515,8916725,8937289,8958089,8977086,NA,8997613,9025715,9042170,9058875,9075830,9092141,9108324,9120659,9129223,9141320,9155837,9170950,9185754,9200964,NA,NA,9220596,9250557,9265732,9281707,9298140,9310355,9318358,9332709,NA,9348582,9379068,9394911,9406063,9413419,9425801,9441193,9456458,9471723,9487092,9497217,NA,9504071,9531018,9545104,9558787,9573496,9583069,9588628,9600500,9613888,9627879,9640934,9654182,9663370,9669012,9680674,9694090,9707596,9720866,9734239,9742952,9748576,9759206,9771316,9782320,9793157,9803998,9810718,9814736,9822812,9831806,9841281,9850304,9860502,9867727,9872288,9880294,9890710,9901220,9912393,9925785,9935978,9940596,9955326,9971012,9987918,10006305,10026290,10043006,10054036,10071932,10114580,10175695,10237524,10299425,10345107,10345107,10428307,10488777,10544773,10607680,10675095,10727863,10763280,10814828,10814828,10933473,10933473,11074621,11134093,11175648,11237605,11306239,11385711,11485084,11612914,11740280,11850881,11978451,12129295,12280258,12406566,12526286,12615792,12681048,12761100,12839550,12921964,13004585,13094503,13165832,13222558,13292391,13360246,13431824,13513901,13611328,13704556,13785039,13875819,13974270,14071356,14160109,14250518,14329972,14387707,14452740,14519190,14585468,14650539,14721122,14783340,NA,14885629,14927256,14952118,14996944,15052037,15095967,15128779,NA
"24","Slovakia","SVK","https://public.flourish.studio/country-flags/svg/sk.svg",NA,NA,NA,NA,NA,NA,NA,NA,480,1365,7648,15765,23900,25515,25715,29803,40839,47669,55071,63029,63912,63966,72804,81214,89102,95340,102157,102433,102433,111584,118859,125811,135802,147876,149268,149328,161437,173647,185438,199798,214846,217510,217690,229460,244320,257258,271313,285402,289593,300401,314055,325365,336911,348186,361447,368090,374406,387042,399752,412719,423753,436665,444873,450439,465542,480941,494449,507614,520601,538414,548038,561935,572549,582997,601064,621143,640794,654978,673382,692582,712497,733054,753285,773703,788737,810065,833049,855926,876058,895182,910331,919482,939635,960282,983001,1005065,1009595,1021042,1025138,1025511,1045632,1068593,1091969,1117498,1138608,1159669,1181967,1203259,1224578,1248788,1275068,1301832,1314231,1335403,1357817,1379210,1401913,1424827,1446164,1465184,1490370,1511648,1533898,1558136,1586099,1616282,1636825,1659785,1684627,1708867,1734829,1764600,1809988,1842334,1874090,1904614,1934207,1964340,2000631,2045006,2077199,2111101,2141406,2172430,2208040,2246700,2294499,2328400,2361705,2392602,2421747,2458499,2492512,2542674,2579794,2614490,2643737,2671898,2705760,2740179,2787781,2823451,2856845,2886499,2914927,2949660,2985546,3030389,3066908,3097941,3127202,3156150,3192015,3229618,3276011,3315508,3349599,3382146,3411698,3448516,3486019,3527700,3557881,3584225,3612763,3641715,3674837,3709011,3750274,3776844,3785670,3813994,3838996,3864472,3894851,3925826,3955613,3981910,4001895,4022068,4041589,4063019,4084133,4094395,4107510,4121600,4134550,4147082,4164401,4176290,4189024,4198615,4210090,4222332,4236637,4253008,4268156,4282997,4294286,4306513,4321315,4336273,4352296,4368025,4375808,4388049,4400466,4414645,4427562,4440977,4447984,4453403,4463511,4472368,4483158,4493540,4505810,4509781,4514827,4522615,4530246,4539676,4547370,4558192,4563449,4566219,4573183,4581640,4582197,4591663,4601068,4603181,4605001,4610483,4615851,4621665,4628817,4638004,4639283,4641162,4646543,4652548,4652953,4661742,4670491,4672488,4674796,4679455,4685243,4690771,4697512,4706602,4707840,4709408,4713799,4717980,4722075,4726866,4734299,4735651,4737161,4740420,4743483,4746996,4751424,4758438,4759522,4760988,4764147,4767515,4770004,4773609,4780011,4780919,4782001,4785094,4787973,4791406,4795016,4802001,4803308,4804200,4807780,4811045,4814361,4818490,4824650,4825699,4827013,4827095,4831104,4834221,4837815,4843857,4846082,4849157,4852525,4856638,4861403,4867104,4876361,4883369,4887353,4892615,4898672,4900373,4908511,4920012,4931051,4937285,4945017,4952200,4959985,4967993,4978317,4986532,4990421,4995580,5000788,5005577,5010301,5016988,5019713,5021073,NA
"25","Slovenia","SVN","https://public.flourish.studio/country-flags/svg/si.svg",6199,7883,9208,9631,11489,11640,12044,12599,13690,16235,21628,27105,30371,30625,30626,31110,32993,37732,44480,49371,49695,49699,49908,52100,57099,61880,64064,64785,64936,64944,66779,71902,78235,82837,82954,82957,83024,84143,89003,96467,102166,102770,102770,103170,103290,106513,115299,124038,124940,124973,125057,126189,131769,140869,147646,150189,150190,150669,152205,159215,170209,178013,178944,178944,180083,182274,189759,201160,211540,213503,213505,215312,219506,229276,243482,257148,265838,265839,267474,268538,274705,284825,292345,296593,296595,297732,302049,312052,326543,342689,349993,351254,352391,360451,375220,394711,406974,410104,411700,411701,414540,420710,436128,456397,465610,467240,469103,472983,484686,504242,518394,524558,525844,528554,535268,552176,572256,590006,592971,593651,594038,594510,602526,621941,643190,650434,653889,661943,671944,690120,718121,740365,751210,753006,756722,767147,789651,818961,845139,856431,859570,868265,882284,906318,937074,965048,976112,979188,985752,996532,1018994,1048878,1071673,1082460,1082463,1089562,1106209,1136756,1175110,1207362,1220930,1227727,1235281,1250644,1274589,1308647,1333932,1345325,1348669,1355556,1366236,1384216,1406232,1421183,1423866,1425372,1431249,1442188,1463048,1489945,1490014,1494207,1494228,1500748,1513069,1528177,1548806,1564030,1565660,1565678,1572678,1581653,1595381,1612499,1625042,1626395,1626750,1633851,1641309,1654104,1670632,1682969,1685443,1685481,1691658,1698506,1710185,1722942,1734111,1735982,1736007,1741982,1749745,1760120,1772022,1781435,1784102,1784119,1789736,1796189,1805332,1816457,1825065,1826214,1826761,1831280,1836809,1844447,1854629,1863271,1864198,1864304,1870366,1877653,1886133,1896161,1904547,1905668,1905672,1910862,1918162,1925994,1936116,1943995,1945312,1945385,1950330,1956011,1961921,1970672,1977852,1978613,1978613,1983705,1991954,2001539,2014409,2024856,2027012,2027014,2037881,2056956,2076781,2102939,2123675,2132935,2136703,2145128,2153944,2162649,2176349,2189149,2191644,2192641,2198801,2207630,2215155,2223725,2230537,2231610,2231655,2236663,2244248,2252617,2265517,2275559,2277331,2277585,2283183,2289405,2295127,2303384,2309328,2309786,2309825,2313002,2316693,2320859,2327610,2333061,2333486,2333486,2336240,2340161,2344104,2351562,2355782,2356318,2356322,2356322,2361759,2371268,2388166,2403485,2408677,2410717,2422843,2437423,2456054,2479333,2501030,2507672,2509049,2520541,2537601,2554373,2574512,2590436,2595801,2597034,2604551,2614733,2628339,2644000,2657056,2661292,2661800,2669165,2678066,2689012,2701404,2711858,2714031,2714449,2720391
"26","Spain","ESP","https://public.flourish.studio/country-flags/svg/es.svg",NA,NA,NA,NA,NA,NA,NA,NA,82834,139339,NA,207323,277976,NA,NA,406091,488122,581638,676186,768950,NA,NA,897942,966097,1025937,1103301,1165825,NA,1237593,1291216,1356461,1395618,1474189,NA,NA,1609261,1673054,1764778,1865342,1988160,NA,NA,2105033,2167241,2233249,2320507,2423045,NA,NA,2561608,2624512,2690457,2782751,2936011,NA,NA,3090351,3165191,3284678,3436158,3605635,NA,NA,3829465,3908734,4059320,4229092,4471577,NA,NA,4712191,4848648,4989505,5172106,5352767,NA,NA,NA,5644895,5742218,5857085,5993363,NA,NA,NA,6321908,6409196,6620093,6839736,7067371,NA,NA,7571439,7736611,8035160,8342155,NA,8548598,NA,8743694,9021001,9357847,9811529,10231825,NA,NA,10784997,11073657,11436073,11885085,12330755,NA,NA,12853599,13041032,13497809,13909964,14266251,NA,14715931,14994667,15377862,15859772,16364595,NA,NA,17178566,17430810,17916566,18489580,19048132,NA,NA,19830624,20162661,20623815,21071940,21683707,NA,NA,22313088,22587343,22973955,23503085,23962365,NA,NA,24534056,24876302,25280864,25745178,26133689,NA,NA,26827637,27119733,27607247,28182345,28752570,NA,NA,30007806,30472862,31004060,31628321,32282553,NA,NA,33242768,33632590,34224523,34845346,35412140,NA,NA,36357745,36880086,37560626,38293871,38808490,NA,NA,39914204,40565038,41279995,42027584,42792983,NA,NA,43959621,44544324,45233735,45924484,46612489,NA,NA,47777316,48315430,48911460,49585197,50239048,NA,NA,51229989,51710022,52293044,52879267,53449255,NA,NA,54259325,54617577,55185352,55713142,56186601,NA,NA,56795869,57141754,57653031,58102441,58542495,NA,NA,59108679,59429601,59927147,60449774,60919867,NA,NA,61418303,61723171,62193144,62665513,63090941,NA,NA,63590985,63938402,64312970,64714501,65035990,NA,NA,65444891,65673013,66130220,66464730,66788317,NA,NA,67190707,67385522,67798496,68002439,68205694,NA,NA,68486683,68619581,68820573,68955191,69094664,NA,NA,69427047,69427047,69549078,69642236,69740837,NA,NA,69867532,69936755,70022100,70083821,70153507,NA,NA,70243260,70279166,70587034,70646137,70699744,NA,NA,70822813,NA,70859558,70919608,70982052,NA,NA,71048577,71072261,71102258,71231804,71275614,NA,NA,71344477,71366561,71393601,71779466,71943760,71943760,72058020,NA,NA,72233182,72410731,72594573,NA,NA,72805128,NA,73149785,73347560,73623626,NA,NA,73886784,74034325,74168369,74502145,74683916,NA,NA,74988489,75173640,75377077,75573156,76026523,NA,NA,76123553,76485574,76680144,76899564,77157350,NA,NA,NA,NA
"27","Sweden","SWE","https://public.flourish.studio/country-flags/svg/se.svg",NA,NA,NA,NA,NA,NA,NA,2472,NA,NA,NA,NA,NA,NA,16510,NA,NA,NA,NA,NA,NA,132852,NA,NA,NA,NA,NA,NA,249462,NA,NA,NA,NA,NA,NA,340735,NA,NA,NA,NA,NA,NA,441018,NA,NA,NA,NA,NA,NA,559219,NA,NA,NA,NA,NA,NA,714121,NA,NA,NA,NA,NA,NA,870975,NA,NA,NA,NA,NA,NA,1061212,NA,NA,NA,NA,NA,NA,1282913,NA,NA,NA,NA,NA,NA,1457731,NA,NA,NA,NA,NA,NA,1656577,NA,NA,NA,NA,NA,NA,1922593,NA,NA,NA,NA,NA,NA,2269279,NA,NA,NA,NA,NA,NA,2745212,NA,NA,NA,NA,NA,NA,3186795,NA,NA,NA,NA,NA,NA,3587631,NA,NA,NA,NA,NA,NA,4046995,NA,NA,NA,NA,NA,NA,4473937,NA,NA,NA,NA,NA,NA,4929123,NA,NA,NA,NA,NA,NA,5414155,NA,NA,NA,NA,NA,NA,5999572,NA,NA,NA,NA,NA,NA,6680778,NA,NA,NA,NA,NA,NA,7453766,NA,NA,NA,NA,NA,NA,8091581,NA,NA,NA,NA,NA,NA,8824780,NA,NA,NA,NA,NA,NA,9421941,NA,NA,NA,NA,NA,NA,9932276,NA,NA,NA,NA,NA,NA,10376383,NA,NA,NA,NA,NA,NA,10775469,NA,NA,NA,NA,NA,NA,11179386,NA,NA,NA,NA,NA,NA,11650670,NA,NA,NA,NA,NA,NA,12173588,NA,NA,NA,NA,NA,NA,12649310,NA,NA,NA,NA,NA,NA,13022707,NA,NA,NA,NA,NA,NA,13307138,NA,NA,NA,NA,NA,NA,13545913,NA,NA,NA,NA,NA,NA,13730280,NA,NA,NA,NA,NA,NA,13884960,NA,NA,NA,NA,NA,NA,14028861,NA,NA,NA,NA,NA,NA,14232707,NA,NA,NA,NA,NA,NA,14431770,NA,NA,NA,NA,NA,NA,14632356,NA,NA,NA,NA,NA,NA,14761204,NA,NA,NA,NA,NA,NA,15071155,NA,NA,NA,NA,NA,NA,15461575,NA,NA,NA,NA,NA,NA,NA,NA,15827840,15894823,15990167,16097826,NA,NA,NA
